--insert into table EMPLOYEES
insert into EMPLOYEES (EmployeeID, FirstName, LastName, Email, Phone, DateBirth, DateStart ) values (1, 'Kittie', 'Hovie', 'khovie0@flickr.com', '6042340401', '29-May-1994', '20-Sep-2017' );
insert into EMPLOYEES (EmployeeID, FirstName, LastName, Email, Phone, DateBirth, DateStart ) values (2, 'Magdalene', 'Dimitrov', 'mdimitrov1@cnn.com', '7789272651', '19-Apr-1983', '05-Nov-2011' );
insert into EMPLOYEES (EmployeeID, FirstName, LastName, Email, Phone, DateBirth, DateStart ) values (3, 'Melisa', 'Whittock', 'mwhittock2@flavors.me', '6046438800', '13-May-1989', '26-Oct-2015' );
insert into EMPLOYEES (EmployeeID, FirstName, LastName, Email, Phone, DateBirth, DateStart ) values (4, 'Tris', 'Simonnin', 'tsimonnin3@goo.ne.jp', '6043764410', '04-Oct-1970', '03-Feb-2011' );
insert into EMPLOYEES (EmployeeID, FirstName, LastName, Email, Phone, DateBirth, DateStart ) values (5, 'Dalston', 'Haffard', 'dhaffard4@reverbnation.com', '7782526666', '30-Aug-1973', '05-May-2012' );
insert into EMPLOYEES (EmployeeID, FirstName, LastName, Email, Phone, DateBirth, DateStart ) values (6, 'Benyamin', 'Dumberrill', 'bdumberrill5@taobao.com', '6049196875', '16-Jul-1976', '09-Mar-2020' );
insert into EMPLOYEES (EmployeeID, FirstName, LastName, Email, Phone, DateBirth, DateStart ) values (7, 'Dagmar', 'De Hooge', 'ddehooge6@europa.eu', '6044834945', '24-Aug-1991', '24-Feb-2012' );
insert into EMPLOYEES (EmployeeID, FirstName, LastName, Email, Phone, DateBirth, DateStart ) values (8, 'Jemmie', 'Simonian', 'jsimonian7@facebook.com', '7782203313', '27-Jul-1989', '15-Nov-2011' );
insert into EMPLOYEES (EmployeeID, FirstName, LastName, Email, Phone, DateBirth, DateStart ) values (9, 'Cory', 'Cockerton', 'ccockerton8@issuu.com', '7784244266', '08-Mar-1994', '12-Mar-2013' )
insert into EMPLOYEES (EmployeeID, FirstName, LastName, Email, Phone, DateBirth, DateStart ) values (10, 'Jeanelle', 'D''Onisi', 'jdonisi9@cbslocal.com', '7787754968', '28-Aug-1979', '22-Apr-2011' );
insert into EMPLOYEES (EmployeeID, FirstName, LastName, Email, Phone, DateBirth, DateStart ) values (11, 'Gabi', 'Innwood', 'ginnwooda@wordpress.org', '6044815396', '13-Jun-1974', '16-Jan-2019' );
insert into EMPLOYEES (EmployeeID, FirstName, LastName, Email, Phone, DateBirth, DateStart ) values (12, 'Gillie', 'Cardero', 'gcarderob@goo.gl', '6048003618', '22-Jun-1986', '03-Dec-2013' );



--insert into table CUSTOMERS
insert into CUSTOMERS (CustomerID, CustomerName, Province, City, Address, Postcode, Phone) values (1, 'Predovic-Stamm', 'British Columbia', 'Nakusp', '9585 Chive Hill', 'H9A', '4192304802');
insert into CUSTOMERS (CustomerID, CustomerName, Province, City, Address, Postcode, Phone) values (2, 'Wilkinson LLC', 'British Columbia', 'West Kelowna', '0668 Sachs Center', 'V1Z', '9417518087');
insert into CUSTOMERS (CustomerID, CustomerName, Province, City, Address, Postcode, Phone) values (3, 'Stroman, Leffler and Jerde', 'British Columbia', 'Hope', '04044 Main Park', 'V7R', '4654466789');
insert into CUSTOMERS (CustomerID, CustomerName, Province, City, Address, Postcode, Phone) values (4, 'Hauck, Kohler and Balistreri', 'British Columbia', 'Houston', '05086 Clemons Lane', 'T9G', '1466412824');
insert into CUSTOMERS (CustomerID, CustomerName, Province, City, Address, Postcode, Phone) values (5, 'Strosin LLC', 'British Columbia', 'Summerland', '53 Judy Court', 'H1V', '4519527074');
insert into CUSTOMERS (CustomerID, CustomerName, Province, City, Address, Postcode, Phone) values (6, 'West, Littel and Nitzsche', 'British Columbia', 'Princeton', '36740 Erie Pass', 'V6V', '3213783840');
insert into CUSTOMERS (CustomerID, CustomerName, Province, City, Address, Postcode, Phone) values (7, 'Spinka-Balistreri', 'British Columbia', 'Prince Rupert', '896 Hollow Ridge Court', 'V8J', '1993070179');
insert into CUSTOMERS (CustomerID, CustomerName, Province, City, Address, Postcode, Phone) values (8, 'Treutel, Welch and Hills', 'British Columbia', 'West Kelowna', '9 Vahlen Lane', 'V1Z', '3482678828');
insert into CUSTOMERS (CustomerID, CustomerName, Province, City, Address, Postcode, Phone) values (9, 'Satterfield, Bogan and Grady', 'British Columbia', 'Fruitvale', '2861 Barnett Place', 'K2H', '3057826419');
insert into CUSTOMERS (CustomerID, CustomerName, Province, City, Address, Postcode, Phone) values (10, 'Lindgren-Lesch', 'British Columbia', 'Cache Creek', '658 Forster Alley', 'N1G', '5395187127');
insert into CUSTOMERS (CustomerID, CustomerName, Province, City, Address, Postcode, Phone) values (11, 'Schimmel Group', 'British Columbia', 'Parksville', '08 Havey Crossing', 'V9P', '6771832279');
insert into CUSTOMERS (CustomerID, CustomerName, Province, City, Address, Postcode, Phone) values (12, 'Little, Morar and O''Reilly', 'British Columbia', 'Agassiz', '110 Division Place', 'B2E', '7173310112');



--insert into table PRODUCTS
insert into PRODUCTS (ProductID , ProductName, ProductType, QuantityInStock, ProductPrice, Discontinued) values (1, 'Aspen Oak', '16mm', 5920, 88.1, '0');
insert into PRODUCTS (ProductID , ProductName, ProductType, QuantityInStock, ProductPrice, Discontinued) values (2, 'Bakersfield Chestnut', '16mm', 5287, 71.1, '0');
insert into PRODUCTS (ProductID , ProductName, ProductType, QuantityInStock, ProductPrice, Discontinued) values (3, 'Black Oak', '16mm', 1751, 63.6, '0');
insert into PRODUCTS (ProductID , ProductName, ProductType, QuantityInStock, ProductPrice, Discontinued) values (4, 'Country Barnwood', '8mm', 4484, 79.6, '0');
insert into PRODUCTS (ProductID , ProductName, ProductType, QuantityInStock, ProductPrice, Discontinued) values (5, 'Enchanted Oak', '8mm', 1719, 74.2, '1');
insert into PRODUCTS (ProductID , ProductName, ProductType, QuantityInStock, ProductPrice, Discontinued) values (6, 'Red River Hickory', '8mm', 502, 89.9, '1');
insert into PRODUCTS (ProductID , ProductName, ProductType, QuantityInStock, ProductPrice, Discontinued) values (7, 'Smoked Chestnut','16mm', 3491, 92.5, '1');
insert into PRODUCTS (ProductID , ProductName, ProductType, QuantityInStock, ProductPrice, Discontinued) values (8, 'Black', '3mm', 4407, 83.5, '0');
insert into PRODUCTS (ProductID , ProductName, ProductType, QuantityInStock, ProductPrice, Discontinued) values (9, 'White', '3mm', 2999, 65.6, '0');
insert into PRODUCTS (ProductID , ProductName, ProductType, QuantityInStock, ProductPrice, Discontinued) values (10, 'Red', '16mm', 2829, 81.2, '0');
insert into PRODUCTS (ProductID , ProductName, ProductType, QuantityInStock, ProductPrice, Discontinued) values (11, 'Black', '16mm', 3720, 52.2, '0');
insert into PRODUCTS (ProductID , ProductName, ProductType, QuantityInStock, ProductPrice, Discontinued) values (12, 'White', '16mm', 4421, 64.7, '0');


--insert into table DESTINATIONS
insert into DESTINATIONS (DestinationID, Province, City, Address, Distance) values (1, 'Alberta', 'Fort McMurray', '609 Haas Road', 1590);
insert into DESTINATIONS (DestinationID, Province, City, Address, Distance) values (2, 'British Columbia', 'West Kelowna', '8381 Vera Court', 380);
insert into DESTINATIONS (DestinationID, Province, City, Address, Distance) values (3, 'British Columbia', 'Chase', '352 Welch Crossing', 400);
insert into DESTINATIONS (DestinationID, Province, City, Address, Distance) values (4, 'British Columbia', 'Golden', '93377 Green Ridge Road', Null);
insert into DESTINATIONS (DestinationID, Province, City, Address, Distance) values (5, 'Alberta', 'Kamloops', '1 Dawn Junction', 350);
insert into DESTINATIONS (DestinationID, Province, City, Address, Distance) values (6, 'British Columbia', 'Langford', '7248 Huxley Center', 120);
insert into DESTINATIONS (DestinationID, Province, City, Address, Distance) values (7, 'Alberta', 'Lacombe', '133 Merrick Drive', 1140);
insert into DESTINATIONS (DestinationID, Province, City, Address, Distance) values (8, 'British Columbia', 'Whistler', '159 Anthes Crossing', Null);
insert into DESTINATIONS (DestinationID, Province, City, Address, Distance) values (9, 'Alberta', 'Calgary', '2216 Lunder Park', 970);
insert into DESTINATIONS (DestinationID, Province, City, Address, Distance) values (10, 'British Columbia', 'Port Moody', '959 Haas Point', Null);
insert into DESTINATIONS (DestinationID, Province, City, Address, Distance) values (11, 'British Columbia', 'Osoyoos', '88 Bunting Pass', 400);
insert into DESTINATIONS (DestinationID, Province, City, Address, Distance) values (12, 'Alberta', 'Cochrane', '9 Arizona Pass', 945);


--insert into table SHIPMENT
insert into SHIPMENT (ShipperID, CompanyName, CompanyRatio, Province, City, Address, Phone) values (1, 'Von Inc', 4.66, 'British Columbia', 'Vancouver', '24924 Maryland Way', '7883669638');
insert into SHIPMENT (ShipperID, CompanyName, CompanyRatio, Province, City, Address, Phone) values (2, 'Turner, Berge and Towne', 4.64, 'British Columbia', 'Vancouver', '70148 Drewry Avenue', '7624614380');
insert into SHIPMENT (ShipperID, CompanyName, CompanyRatio, Province, City, Address, Phone) values (3, 'Lynch-Morissette', 4.85, 'British Columbia', 'Burnaby', '012 Cambridge Hill', '6625615908');
insert into SHIPMENT (ShipperID, CompanyName, CompanyRatio, Province, City, Address, Phone) values (4, 'Ritchie, Terry and Jast', 4.19, 'Alberta', 'Calgary', '5024 Walton Plaza', '4282260327');
insert into SHIPMENT (ShipperID, CompanyName, CompanyRatio, Province, City, Address, Phone) values (5, 'Schneider, Collier and Swaniawski', Null, 'British Columbia', 'New Westminster', '654 Kim Trail', '5165873452');
insert into SHIPMENT (ShipperID, CompanyName, CompanyRatio, Province, City, Address, Phone) values (6, 'Leannon, Carroll and Abernathy', Null, 'British Columbia', 'Bowen Island', '76297 International Road', '1909155533');
insert into SHIPMENT (ShipperID, CompanyName, CompanyRatio, Province, City, Address, Phone) values (7, 'Hagenes Inc', 6.97, 'British Columbia', 'New Westminster', '9812 Shopko Crossing', '6883201916');
insert into SHIPMENT (ShipperID, CompanyName, CompanyRatio, Province, City, Address, Phone) values (8, 'Wintheiser-Hyatt', 3.71, 'British Columbia', 'Burns Lake', '8 Dryden Parkway', '3802456410');
insert into SHIPMENT (ShipperID, CompanyName, CompanyRatio, Province, City, Address, Phone) values (9, 'Schumm-Crona', 2.78, 'British Columbia', 'Sicamous', '16894 Brown Drive', '259 896 8658');
insert into SHIPMENT (ShipperID, CompanyName, CompanyRatio, Province, City, Address, Phone) values (10, 'Turcotte and Sons', 2.73, 'British Columbia', 'Abbotsford', '9 Barby Place', '7531144580');
insert into SHIPMENT (ShipperID, CompanyName, CompanyRatio, Province, City, Address, Phone) values (11, 'Sawayn Inc', 2.37, 'British Columbia', 'Trail', '5648 Rigney Court', '8859981816');
insert into SHIPMENT (ShipperID, CompanyName, CompanyRatio, Province, City, Address, Phone) values (12, 'Parker, Koepp and Heller', 2.56, 'British Columbia', 'Ashcroft', '3673 8th Place', '2944125154');


--insert into table ORDERS
insert into ORDERS (OrderID, ProductID, OrderedQuantity, CustomerID, EmployeeID, DestinationID, ShipperID, OrderedDate, ShippingDate) values (1, 1, 388, 3, 6, 2, 9, '2019-02-06 18:55:54', '2019-02-07 05:41:59');
insert into ORDERS (OrderID, ProductID, OrderedQuantity, CustomerID, EmployeeID, DestinationID, ShipperID, OrderedDate, ShippingDate) values (2, 5, 926, 1, 6, 2, 7, '2019-11-29 17:20:06', '2019-11-29 20:32:08');
insert into ORDERS (OrderID, ProductID, OrderedQuantity, CustomerID, EmployeeID, DestinationID, ShipperID, OrderedDate, ShippingDate) values (3, 2, 618, 7, 8, 3, 3, '2019-04-27 02:28:56', '2019-04-28 18:55:14');
insert into ORDERS (OrderID, ProductID, OrderedQuantity, CustomerID, EmployeeID, DestinationID, ShipperID, OrderedDate, ShippingDate) values (4, 4, 1568, 11, 7, 9, 5, '2019-10-14 22:40:34', '2019-10-16 23:43:43');
insert into ORDERS (OrderID, ProductID, OrderedQuantity, CustomerID, EmployeeID, DestinationID, ShipperID, OrderedDate, ShippingDate) values (5, 2, 728, 4, 6, 6, 5, '2019-05-15 02:19:17', '2019-05-15 16:50:22');
insert into ORDERS (OrderID, ProductID, OrderedQuantity, CustomerID, EmployeeID, DestinationID, ShipperID, OrderedDate, ShippingDate) values (6, 1, 495, 8, 7, 1, 6, '2020-02-06 17:27:34', '2020-02-06 18:40:57');
insert into ORDERS (OrderID, ProductID, OrderedQuantity, CustomerID, EmployeeID, DestinationID, ShipperID, OrderedDate, ShippingDate) values (7, 10, 518, 11, 8, 10, 7, '2019-11-18 03:01:09', '2019-11-19 15:08:17');
insert into ORDERS (OrderID, ProductID, OrderedQuantity, CustomerID, EmployeeID, DestinationID, ShipperID, OrderedDate, ShippingDate) values (8, 2, 252, 8, 6, 8, 3, '2019-08-25 06:39:37', '2019-08-27 06:13:58');
insert into ORDERS (OrderID, ProductID, OrderedQuantity, CustomerID, EmployeeID, DestinationID, ShipperID, OrderedDate, ShippingDate) values (9, 3, 1401, 9, 7, 9, 9, '2019-09-01 16:45:06', '2019-09-04 12:33:46');
insert into ORDERS (OrderID, ProductID, OrderedQuantity, CustomerID, EmployeeID, DestinationID, ShipperID, OrderedDate, ShippingDate) values (10, 8, 915, 10, 6, 10, 4, '2019-12-01 11:25:09', '2020-01-01 12:17:34');
insert into ORDERS (OrderID, ProductID, OrderedQuantity, CustomerID, EmployeeID, DestinationID, ShipperID, OrderedDate, ShippingDate) values (11, 9, 707, 11, 8, 11, 4, '2020-02-22 07:58:06', '2020-02-22 14:36:12');
insert into ORDERS (OrderID, ProductID, OrderedQuantity, CustomerID, EmployeeID, DestinationID, ShipperID, OrderedDate, ShippingDate) values (12, 11, 1239, 12, 6, 2, 2, '2019-10-28 11:50:25', '2019-11-02 10:12:09');
